"Id","Version","ParsedVersion","TargetFramework","PrevTFM","ChangedTFM"
"Microsoft.AspNetCore.WebUtilities","1.0.0","1000000000000000000000000",".NETFramework4.5.1","","true"
"Microsoft.AspNetCore.WebUtilities","2.0.0","2000000000000000000000000",".NETStandard2.0",".NETFramework4.5.1","true"
"Microsoft.AspNetCore.WebSockets.Server","0.1.0","10000000000000000",".NETFramework4.5.1","","true"
"Microsoft.AspNetCore.WebSockets.Protocol","0.1.0","10000000000000000",".NETFramework4.5.1","","true"
"Microsoft.AspNetCore.WebSockets","1.0.0","1000000000000000000000000",".NETFramework4.5.1","","true"
"Microsoft.AspNetCore.WebSockets","2.0.0","2000000000000000000000000",".NETStandard2.0",".NETFramework4.5.1","true"
"Microsoft.AspNetCore.TestHost","1.0.0","1000000000000000000000000",".NETFramework4.5.1","","true"
"Microsoft.AspNetCore.TestHost","2.0.0","2000000000000000000000000",".NETStandard2.0",".NETFramework4.5.1","true"
"Microsoft.AspNetCore.TestHost","3.0.0","3000000000000000000000000",".NETCoreApp3.0",".NETStandard2.0","true"
"Microsoft.AspNetCore.TestHost","3.1.2","3000000010000000200000000",".NETCoreApp3.1",".NETCoreApp3.0","true"
"Microsoft.AspNetCore.TestHost","5.0.0","5000000000000000000000000",".NETCoreApp5.0",".NETCoreApp3.1","true"
"Microsoft.AspNetCore.StaticFilesEx","1.0.0","1000000000000000000000000",".NETFramework4.5.1","","true"
"Microsoft.AspNetCore.StaticFiles","1.0.0","1000000000000000000000000",".NETFramework4.5.1","","true"
"Microsoft.AspNetCore.StaticFiles","2.0.0","2000000000000000000000000",".NETStandard2.0",".NETFramework4.5.1","true"
"Microsoft.AspNetCore.SpaServices.Extensions","2.0.0","2000000000000000000000000",".NETStandard2.0","","true"
"Microsoft.AspNetCore.SpaServices.Extensions","3.0.0","3000000000000000000000000",".NETCoreApp3.0",".NETStandard2.0","true"
"Microsoft.AspNetCore.SpaServices.Extensions","3.1.2","3000000010000000200000000",".NETCoreApp3.1",".NETCoreApp3.0","true"
"Microsoft.AspNetCore.SpaServices.Extensions","5.0.0","5000000000000000000000000",".NETCoreApp5.0",".NETCoreApp3.1","true"
"Microsoft.AspNetCore.SpaServices","1.1.0","1000000010000000000000000",".NETFramework4.5.1","","true"
"Microsoft.AspNetCore.SpaServices","2.0.0","2000000000000000000000000",".NETStandard2.0",".NETFramework4.5.1","true"
"Microsoft.AspNetCore.SpaServices","3.0.0","3000000000000000000000000",".NETCoreApp3.0",".NETStandard2.0","true"
"Microsoft.AspNetCore.SpaServices","3.1.2","3000000010000000200000000",".NETCoreApp3.1",".NETCoreApp3.0","true"
"Microsoft.AspNetCore.SignalR.StackExchangeRedis","1.1.0","1000000010000000000000000",".NETStandard2.0","","true"
"Microsoft.AspNetCore.SignalR.StackExchangeRedis","3.0.0","3000000000000000000000000",".NETCoreApp3.0",".NETStandard2.0","true"
"Microsoft.AspNetCore.SignalR.StackExchangeRedis","3.1.2","3000000010000000200000000",".NETCoreApp3.1",".NETCoreApp3.0","true"
"Microsoft.AspNetCore.SignalR.StackExchangeRedis","5.0.0","5000000000000000000000000",".NETCoreApp5.0",".NETCoreApp3.1","true"
"Microsoft.AspNetCore.SignalR.Specification.Tests","1.1.0","1000000010000000000000000",".NETFramework4.6.1","","true"
"Microsoft.AspNetCore.SignalR.Specification.Tests","3.0.0","3000000000000000000000000",".NETCoreApp3.0",".NETFramework4.6.1","true"
"Microsoft.AspNetCore.SignalR.Specification.Tests","3.1.2","3000000010000000200000000",".NETCoreApp3.1",".NETCoreApp3.0","true"
"Microsoft.AspNetCore.SignalR.Specification.Tests","5.0.0","5000000000000000000000000",".NETCoreApp5.0",".NETCoreApp3.1","true"
"Microsoft.AspNetCore.SignalR.Redis","1.0.0","1000000000000000000000000",".NETStandard2.0","","true"
"Microsoft.AspNetCore.SignalR.Protocols.NewtonsoftJson","3.0.0","3000000000000000000000000",".NETStandard2.0","","true"
"Microsoft.AspNetCore.SignalR.Protocols.NewtonsoftJson","5.0.0","5000000000000000000000000",".NETFramework4.6.1",".NETStandard2.0","true"
"Microsoft.AspNetCore.SignalR.Protocols.MessagePack","1.0.0","1000000000000000000000000",".NETStandard2.0","","true"
"Microsoft.AspNetCore.SignalR.Protocols.MessagePack","5.0.0","5000000000000000000000000",".NETFramework4.6.1",".NETStandard2.0","true"
"Microsoft.AspNetCore.SignalR.Protocols.Json","1.0.0","1000000000000000000000000",".NETStandard2.0","","true"
"Microsoft.AspNetCore.SignalR.Protocols.Json","3.0.0","3000000000000000000000000",".NETCoreApp3.0",".NETStandard2.0","true"
"Microsoft.AspNetCore.SignalR.Protocols.Json","3.1.2","3000000010000000200000000",".NETCoreApp3.1",".NETCoreApp3.0","true"
"Microsoft.AspNetCore.SignalR.Protocols.Json","5.0.0","5000000000000000000000000",".NETFramework4.6.1",".NETCoreApp3.1","true"
"Microsoft.AspNetCore.SignalR.Core","1.0.0","1000000000000000000000000",".NETStandard2.0","","true"
"Microsoft.AspNetCore.SignalR.Common","1.0.0","1000000000000000000000000",".NETCoreApp2.1","","true"
"Microsoft.AspNetCore.SignalR.Common","1.1.0","1000000010000000000000000",".NETCoreApp2.2",".NETCoreApp2.1","true"
"Microsoft.AspNetCore.SignalR.Common","3.0.0","3000000000000000000000000",".NETCoreApp3.0",".NETCoreApp2.2","true"
"Microsoft.AspNetCore.SignalR.Common","3.1.2","3000000010000000200000000",".NETCoreApp3.1",".NETCoreApp3.0","true"
"Microsoft.AspNetCore.SignalR.Common","5.0.0","5000000000000000000000000",".NETFramework4.6.1",".NETCoreApp3.1","true"
"Microsoft.AspNetCore.SignalR.Client.Core","1.0.0","1000000000000000000000000",".NETStandard2.0","","true"
"Microsoft.AspNetCore.SignalR.Client.Core","5.0.0","5000000000000000000000000",".NETFramework4.6.1",".NETStandard2.0","true"
"Microsoft.AspNetCore.SignalR.Client","1.0.0","1000000000000000000000000",".NETStandard2.0","","true"
"Microsoft.AspNetCore.SignalR.Client","5.0.0","5000000000000000000000000",".NETFramework4.6.1",".NETStandard2.0","true"
"Microsoft.AspNetCore.SignalR","1.0.0","1000000000000000000000000",".NETStandard2.0","","true"
"Microsoft.AspNetCore.Session","1.0.0","1000000000000000000000000",".NETFramework4.5.1","","true"
"Microsoft.AspNetCore.Session","2.0.0","2000000000000000000000000",".NETStandard2.0",".NETFramework4.5.1","true"
"Microsoft.AspNetCore.Server.WebListener","0.1.0","10000000000000000",".NETFramework4.5.1","","true"
"Microsoft.AspNetCore.Server.SocketHttpListener","1.0.0","1000000000000000000000000",".NETFramework4.5.1","","true"
"Microsoft.AspNetCore.Server.Kestrel.Transport.Sockets","2.1.0","2000000010000000000000000",".NETCoreApp2.1","","true"
"Microsoft.AspNetCore.Server.Kestrel.Transport.Libuv","2.0.0","2000000000000000000000000",".NETStandard2.0","","true"
"Microsoft.AspNetCore.Server.Kestrel.Transport.Libuv","3.0.0","3000000000000000000000000",".NETCoreApp3.0",".NETStandard2.0","true"
"Microsoft.AspNetCore.Server.Kestrel.Transport.Libuv","3.1.2","3000000010000000200000000",".NETCoreApp3.1",".NETCoreApp3.0","true"
"Microsoft.AspNetCore.Server.Kestrel.Transport.Libuv","5.0.0","5000000000000000000000000",".NETCoreApp5.0",".NETCoreApp3.1","true"
"Microsoft.AspNetCore.Server.Kestrel.Transport.Experimental.Quic","5.0.0","5000000000000000000000000",".NETCoreApp5.0","","true"
"Microsoft.AspNetCore.Server.Kestrel.Transport.Abstractions","2.0.0","2000000000000000000000000",".NETStandard2.0","","true"
"Microsoft.AspNetCore.Server.Kestrel.Https","1.0.0","1000000000000000000000000",".NETFramework4.5.1","","true"
"Microsoft.AspNetCore.Server.Kestrel.Https","2.0.0","2000000000000000000000000",".NETStandard2.0",".NETFramework4.5.1","true"
"Microsoft.AspNetCore.Server.Kestrel.Https","2.1.0","2000000010000000000000000",".NETCoreApp2.1",".NETStandard2.0","true"
"Microsoft.AspNetCore.Server.Kestrel.Core","2.0.0","2000000000000000000000000",".NETStandard2.0","","true"
"Microsoft.AspNetCore.Server.Kestrel.Core","2.1.0","2000000010000000000000000",".NETCoreApp2.1",".NETStandard2.0","true"
"Microsoft.AspNetCore.Server.Kestrel","1.0.0","1000000000000000000000000",".NETFramework4.5.1","","true"
"Microsoft.AspNetCore.Server.Kestrel","2.0.0","2000000000000000000000000",".NETStandard2.0",".NETFramework4.5.1","true"
"Microsoft.AspNetCore.Server.IISIntegration","1.0.0","1000000000000000000000000",".NETFramework4.5.1","","true"
"Microsoft.AspNetCore.Server.IISIntegration","2.0.0","2000000000000000000000000",".NETStandard2.0",".NETFramework4.5.1","true"
"Microsoft.AspNetCore.Server.IIS","2.2.0","2000000020000000000000000",".NETStandard2.0","","true"
"Microsoft.AspNetCore.Server.HttpSys","2.0.0","2000000000000000000000000",".NETStandard2.0","","true"
"Microsoft.AspNetCore.Routing.Subdomain","0.0.1","100000000",".NETCoreApp1.1","","true"
"Microsoft.AspNetCore.Routing.Subdomain","0.1.0","10000000000000000",".NETFramework4.6.1",".NETCoreApp1.1","true"
"Microsoft.AspNetCore.Routing.Abstractions","1.0.0","1000000000000000000000000",".NETFramework4.5.1","","true"
"Microsoft.AspNetCore.Routing.Abstractions","2.0.0","2000000000000000000000000",".NETStandard2.0",".NETFramework4.5.1","true"
"Microsoft.AspNetCore.Routing","1.0.0","1000000000000000000000000",".NETFramework4.5.1","","true"
"Microsoft.AspNetCore.Routing","2.0.0","2000000000000000000000000",".NETStandard2.0",".NETFramework4.5.1","true"
"Microsoft.AspNetCore.Routing","2.2.0","2000000020000000000000000",".NETCoreApp2.2",".NETStandard2.0","true"
"Microsoft.AspNetCore.Rewrite","1.0.0","1000000000000000000000000",".NETFramework4.5.1","","true"
"Microsoft.AspNetCore.Rewrite","2.0.0","2000000000000000000000000",".NETStandard2.0",".NETFramework4.5.1","true"
"Microsoft.AspNetCore.ResponseCompression","1.0.0","1000000000000000000000000",".NETFramework4.5.1","","true"
"Microsoft.AspNetCore.ResponseCompression","2.0.0","2000000000000000000000000",".NETFramework4.6.1",".NETFramework4.5.1","true"
"Microsoft.AspNetCore.ResponseCaching.Abstractions","1.0.0","1000000000000000000000000",".NETFramework4.5.1","","true"
"Microsoft.AspNetCore.ResponseCaching.Abstractions","2.0.0","2000000000000000000000000",".NETStandard2.0",".NETFramework4.5.1","true"
"Microsoft.AspNetCore.ResponseCaching","1.0.0","1000000000000000000000000",".NETFramework4.5.1","","true"
"Microsoft.AspNetCore.ResponseCaching","2.0.0","2000000000000000000000000",".NETStandard2.0",".NETFramework4.5.1","true"
"Microsoft.AspNetCore.ReportViewer","1.0.2","1000000000000000200000000",".NETStandard1.6.1","","true"
"Microsoft.AspNetCore.Razor.Test.MvcShim.Version2_X","5.0.0","5000000000000000000000000",".NETFramework4.6.1","","true"
"Microsoft.AspNetCore.Razor.Test.MvcShim.Version1_X","5.0.0","5000000000000000000000000",".NETFramework4.6.1","","true"
"Microsoft.AspNetCore.Razor.Test.MvcShim.ClassLib","5.0.0","5000000000000000000000000",".NETStandard2.0","","true"
"Microsoft.AspNetCore.Razor.Test.MvcShim","5.0.0","5000000000000000000000000",".NETFramework4.6.1","","true"
"Microsoft.AspNetCore.Razor.Test.ComponentShim","5.0.0","5000000000000000000000000",".NETFramework4.6.1","","true"
"Microsoft.AspNetCore.Razor.Test.Common","5.0.0","5000000000000000000000000",".NETFramework4.6.1","","true"
"Microsoft.AspNetCore.Razor.Runtime","1.0.0","1000000000000000000000000",".NETFramework4.5.1","","true"
"Microsoft.AspNetCore.Razor.Runtime","2.0.0","2000000000000000000000000",".NETStandard2.0",".NETFramework4.5.1","true"
"Microsoft.AspNetCore.Razor.OmniSharpPlugin.StrongNamed","3.1.2","3000000010000000200000000",".NETStandard2.0","","true"
"Microsoft.AspNetCore.Razor.OmniSharpPlugin","3.1.2","3000000010000000200000000",".NETFramework4.7.2","","true"
"Microsoft.AspNetCore.Razor.LanguageServer.Common","3.1.2","3000000010000000200000000",".NETStandard2.0","","true"
"Microsoft.AspNetCore.Razor.Language","2.0.0","2000000000000000000000000",".NETFramework4.6","","true"
"Microsoft.AspNetCore.Razor.Language","3.0.0","3000000000000000000000000",".NETStandard2.0",".NETFramework4.6","true"
"Microsoft.AspNetCore.Razor.Design","2.1.0","2000000010000000000000000",".NETStandard2.0","","true"
"Microsoft.AspNetCore.Razor","1.0.0","1000000000000000000000000",".NETFramework4.5.1","","true"
"Microsoft.AspNetCore.Razor","2.0.0","2000000000000000000000000",".NETStandard2.0",".NETFramework4.5.1","true"
"Microsoft.AspNetCore.Proxy","0.1.0","10000000000000000",".NETFramework4.5.1","","true"
"Microsoft.AspNetCore.Owin","1.0.0","1000000000000000000000000",".NETFramework4.5.1","","true"
"Microsoft.AspNetCore.Owin","2.0.0","2000000000000000000000000",".NETStandard2.0",".NETFramework4.5.1","true"
"Microsoft.AspNetCore.Owin","3.0.0","3000000000000000000000000",".NETCoreApp3.0",".NETStandard2.0","true"
"Microsoft.AspNetCore.Owin","3.1.2","3000000010000000200000000",".NETCoreApp3.1",".NETCoreApp3.0","true"
"Microsoft.AspNetCore.Owin","5.0.0","5000000000000000000000000",".NETCoreApp5.0",".NETCoreApp3.1","true"
"Microsoft.AspNetCore.OData.Versioning.ApiExplorer","3.0.0","3000000000000000000000000",".NETStandard2.0","","true"
"Microsoft.AspNetCore.OData.Versioning.ApiExplorer","5.0.0","5000000000000000000000000",".NETCoreApp3.1",".NETStandard2.0","true"
"Microsoft.AspNetCore.OData.Versioning","3.0.0","3000000000000000000000000",".NETStandard2.0","","true"
"Microsoft.AspNetCore.OData.Versioning","5.0.0","5000000000000000000000000",".NETCoreApp3.1",".NETStandard2.0","true"
"Microsoft.AspNetCore.OData.Radzen","1.0.0","1000000000000000000000000",".NETCoreApp1.0","","true"
"Microsoft.AspNetCore.OData","7.0.0","7000000000000000000000000",".NETStandard2.0","","true"
"Microsoft.AspNetCore.NodeServices","1.1.0","1000000010000000000000000",".NETFramework4.5.1","","true"
"Microsoft.AspNetCore.NodeServices","2.0.0","2000000000000000000000000",".NETStandard2.0",".NETFramework4.5.1","true"
"Microsoft.AspNetCore.NodeServices","3.0.0","3000000000000000000000000",".NETCoreApp3.0",".NETStandard2.0","true"
"Microsoft.AspNetCore.NodeServices","3.1.2","3000000010000000200000000",".NETCoreApp3.1",".NETCoreApp3.0","true"
"Microsoft.AspNetCore.MvcFactory","1.0.4","1000000000000000400000000",".NETStandard1.6.1","","true"
"Microsoft.AspNetCore.MvcFactory","1.0.4.23","1000000000000000400000023",".NETStandard1.6",".NETStandard1.6.1","true"
"Microsoft.AspNetCore.Mvc.WebApiCompatShim","1.0.0","1000000000000000000000000",".NETFramework4.5.1","","true"
"Microsoft.AspNetCore.Mvc.WebApiCompatShim","2.0.0","2000000000000000000000000",".NETStandard2.0",".NETFramework4.5.1","true"
"Microsoft.AspNetCore.Mvc.ViewFeatures","1.0.0","1000000000000000000000000",".NETFramework4.5.1","","true"
"Microsoft.AspNetCore.Mvc.ViewFeatures","2.0.0","2000000000000000000000000",".NETStandard2.0",".NETFramework4.5.1","true"
"Microsoft.AspNetCore.Mvc.Versioning.ApiExplorer","1.0.0","1000000000000000000000000",".NETFramework4.5.1","","true"
"Microsoft.AspNetCore.Mvc.Versioning.ApiExplorer","2.0.0","2000000000000000000000000",".NETStandard2.0",".NETFramework4.5.1","true"
"Microsoft.AspNetCore.Mvc.Versioning.ApiExplorer","4.0.0","4000000000000000000000000",".NETCoreApp3.0",".NETStandard2.0","true"
"Microsoft.AspNetCore.Mvc.Versioning.ApiExplorer","4.2.0","4000000020000000000000000",".NETCoreApp3.1",".NETCoreApp3.0","true"
"Microsoft.AspNetCore.Mvc.Versioning","1.0.0","1000000000000000000000000",".NETFramework4.5.1","","true"
"Microsoft.AspNetCore.Mvc.Versioning","2.0.0","2000000000000000000000000",".NETStandard2.0",".NETFramework4.5.1","true"
"Microsoft.AspNetCore.Mvc.Versioning","4.0.0","4000000000000000000000000",".NETCoreApp3.0",".NETStandard2.0","true"
"Microsoft.AspNetCore.Mvc.Versioning","4.2.0","4000000020000000000000000",".NETCoreApp3.1",".NETCoreApp3.0","true"
"Microsoft.AspNetCore.Mvc.Testing","2.1.0","2000000010000000000000000",".NETStandard2.0","","true"
"Microsoft.AspNetCore.Mvc.Testing","3.0.0","3000000000000000000000000",".NETCoreApp3.0",".NETStandard2.0","true"
"Microsoft.AspNetCore.Mvc.Testing","3.1.2","3000000010000000200000000",".NETCoreApp3.1",".NETCoreApp3.0","true"
"Microsoft.AspNetCore.Mvc.Testing","5.0.0","5000000000000000000000000",".NETCoreApp5.0",".NETCoreApp3.1","true"
"Microsoft.AspNetCore.Mvc.TagHelpers","1.0.0","1000000000000000000000000",".NETFramework4.5.1","","true"
"Microsoft.AspNetCore.Mvc.TagHelpers","2.0.0","2000000000000000000000000",".NETStandard2.0",".NETFramework4.5.1","true"
"Microsoft.AspNetCore.Mvc.RazorPages","2.0.0","2000000000000000000000000",".NETStandard2.0","","true"
"Microsoft.AspNetCore.Mvc.Razor.ViewCompilation","1.1.0","1000000010000000000000000",".NETCoreApp1.1","","true"
"Microsoft.AspNetCore.Mvc.Razor.ViewCompilation","1.1.1","1000000010000000100000000",".NETFramework4.5.1",".NETCoreApp1.1","true"
"Microsoft.AspNetCore.Mvc.Razor.ViewCompilation","2.0.0","2000000000000000000000000",".NETFramework4.6.1",".NETFramework4.5.1","true"
"Microsoft.AspNetCore.Mvc.Razor.RuntimeCompilation","3.0.0","3000000000000000000000000",".NETCoreApp3.0","","true"
"Microsoft.AspNetCore.Mvc.Razor.RuntimeCompilation","3.1.2","3000000010000000200000000",".NETCoreApp3.1",".NETCoreApp3.0","true"
"Microsoft.AspNetCore.Mvc.Razor.RuntimeCompilation","5.0.0","5000000000000000000000000",".NETCoreApp5.0",".NETCoreApp3.1","true"
"Microsoft.AspNetCore.Mvc.Razor.Host","1.0.0","1000000000000000000000000",".NETFramework4.5.1","","true"
"Microsoft.AspNetCore.Mvc.Razor.Extensions","2.0.0","2000000000000000000000000",".NETFramework4.6","","true"
"Microsoft.AspNetCore.Mvc.Razor.Extensions","3.0.0","3000000000000000000000000",".NETStandard2.0",".NETFramework4.6","true"
"Microsoft.AspNetCore.Mvc.Razor","1.0.0","1000000000000000000000000",".NETFramework4.5.1","","true"
"Microsoft.AspNetCore.Mvc.Razor","2.0.0","2000000000000000000000000",".NETStandard2.0",".NETFramework4.5.1","true"
"Microsoft.AspNetCore.Mvc.NewtonsoftJson","3.0.0","3000000000000000000000000",".NETCoreApp3.0","","true"
"Microsoft.AspNetCore.Mvc.NewtonsoftJson","3.1.2","3000000010000000200000000",".NETCoreApp3.1",".NETCoreApp3.0","true"
"Microsoft.AspNetCore.Mvc.NewtonsoftJson","5.0.0","5000000000000000000000000",".NETCoreApp5.0",".NETCoreApp3.1","true"
"Microsoft.AspNetCore.Mvc.Localization","1.0.0","1000000000000000000000000",".NETFramework4.5.1","","true"
"Microsoft.AspNetCore.Mvc.Localization","2.0.0","2000000000000000000000000",".NETStandard2.0",".NETFramework4.5.1","true"
"Microsoft.AspNetCore.Mvc.Formatters.Xml.Extensions","1.1.0","1000000010000000000000000",".NETFramework4.5.1","","true"
"Microsoft.AspNetCore.Mvc.Formatters.Xml.Extensions","2.0.0","2000000000000000000000000",".NETStandard2.0",".NETFramework4.5.1","true"
"Microsoft.AspNetCore.Mvc.Formatters.Xml.Extensions","3.0.0","3000000000000000000000000",".NETCoreApp3.0",".NETStandard2.0","true"
"Microsoft.AspNetCore.Mvc.Formatters.Xml.Extensions","5.0.0","5000000000000000000000000","net5.0",".NETCoreApp3.0","true"
"Microsoft.AspNetCore.Mvc.Formatters.Xml","1.0.0","1000000000000000000000000",".NETFramework4.5.1","","true"
"Microsoft.AspNetCore.Mvc.Formatters.Xml","2.0.0","2000000000000000000000000",".NETStandard2.0",".NETFramework4.5.1","true"
"Microsoft.AspNetCore.Mvc.Formatters.Json","1.0.0","1000000000000000000000000",".NETFramework4.5.1","","true"
"Microsoft.AspNetCore.Mvc.Formatters.Json","2.0.0","2000000000000000000000000",".NETStandard2.0",".NETFramework4.5.1","true"
"Microsoft.AspNetCore.Mvc.DataAnnotations","1.0.0","1000000000000000000000000",".NETFramework4.5.1","","true"
"Microsoft.AspNetCore.Mvc.DataAnnotations","2.0.0","2000000000000000000000000",".NETStandard2.0",".NETFramework4.5.1","true"
"Microsoft.AspNetCore.Mvc.Cors","1.0.0","1000000000000000000000000",".NETFramework4.5.1","","true"
"Microsoft.AspNetCore.Mvc.Cors","2.0.0","2000000000000000000000000",".NETStandard2.0",".NETFramework4.5.1","true"
"Microsoft.AspNetCore.Mvc.Core","1.0.0","1000000000000000000000000",".NETFramework4.5.1","","true"
"Microsoft.AspNetCore.Mvc.Core","2.0.0","2000000000000000000000000",".NETStandard2.0",".NETFramework4.5.1","true"
"Microsoft.AspNetCore.Mvc.ApiExplorer","1.0.0","1000000000000000000000000",".NETFramework4.5.1","","true"
"Microsoft.AspNetCore.Mvc.ApiExplorer","2.0.0","2000000000000000000000000",".NETStandard2.0",".NETFramework4.5.1","true"
"Microsoft.AspNetCore.Mvc.Api.Analyzers","2.2.0","2000000020000000000000000",".NETStandard1.3","","true"
"Microsoft.AspNetCore.Mvc.Analyzers","2.1.0","2000000010000000000000000",".NETStandard1.3","","true"
"Microsoft.AspNetCore.Mvc.Abstractions","1.0.0","1000000000000000000000000",".NETFramework4.5.1","","true"
"Microsoft.AspNetCore.Mvc.Abstractions","2.0.0","2000000000000000000000000",".NETStandard2.0",".NETFramework4.5.1","true"
"Microsoft.AspNetCore.Mvc","1.0.0","1000000000000000000000000",".NETFramework4.5.1","","true"
"Microsoft.AspNetCore.Mvc","2.0.0","2000000000000000000000000",".NETStandard2.0",".NETFramework4.5.1","true"
"Microsoft.AspNetCore.MiddlewareAnalysis","1.0.0","1000000000000000000000000",".NETFramework4.5.1","","true"
"Microsoft.AspNetCore.MiddlewareAnalysis","2.0.0","2000000000000000000000000",".NETStandard2.0",".NETFramework4.5.1","true"
"Microsoft.AspNetCore.MiddlewareAnalysis","3.0.0","3000000000000000000000000",".NETCoreApp3.0",".NETStandard2.0","true"
"Microsoft.AspNetCore.MiddlewareAnalysis","3.1.2","3000000010000000200000000",".NETCoreApp3.1",".NETCoreApp3.0","true"
"Microsoft.AspNetCore.MiddlewareAnalysis","5.0.0","5000000000000000000000000",".NETCoreApp5.0",".NETCoreApp3.1","true"
"Microsoft.AspNetCore.Metadata","3.0.0","3000000000000000000000000",".NETStandard2.0","","true"
"Microsoft.AspNetCore.Metadata","3.1.2","3000000010000000200000000",".NETCoreApp3.1",".NETStandard2.0","true"
"Microsoft.AspNetCore.Metadata","5.0.0","5000000000000000000000000",".NETFramework4.6.1",".NETCoreApp3.1","true"
"Microsoft.AspNetCore.Localization.Routing","1.1.0","1000000010000000000000000",".NETFramework4.5.1","","true"
"Microsoft.AspNetCore.Localization.Routing","2.0.0","2000000000000000000000000",".NETStandard2.0",".NETFramework4.5.1","true"
"Microsoft.AspNetCore.Localization","1.0.0","1000000000000000000000000",".NETFramework4.5.1","","true"
"Microsoft.AspNetCore.Localization","2.0.0","2000000000000000000000000",".NETStandard2.0",".NETFramework4.5.1","true"
"Microsoft.AspNetCore.JsonPatch.Net40","1.1.1","1000000010000000100000000",".NETFramework4.0","","true"
"Microsoft.AspNetCore.JsonPatch","1.0.0","1000000000000000000000000",".NETStandard1.1","","true"
"Microsoft.AspNetCore.JsonPatch","1.1.0","1000000010000000000000000",".NETFramework4.5.1",".NETStandard1.1","true"
"Microsoft.AspNetCore.JsonPatch","2.0.0","2000000000000000000000000",".NETStandard2.0",".NETFramework4.5.1","true"
"Microsoft.AspNetCore.JsonPatch","5.0.0","5000000000000000000000000",".NETFramework4.6.1",".NETStandard2.0","true"
"Microsoft.AspNetCore.Identity.UI","2.1.0","2000000010000000000000000",".NETStandard2.0","","true"
"Microsoft.AspNetCore.Identity.UI","3.0.0","3000000000000000000000000",".NETCoreApp3.0",".NETStandard2.0","true"
"Microsoft.AspNetCore.Identity.UI","3.1.2","3000000010000000200000000",".NETCoreApp3.1",".NETCoreApp3.0","true"
"Microsoft.AspNetCore.Identity.UI","5.0.0","5000000000000000000000000",".NETCoreApp5.0",".NETCoreApp3.1","true"
"Microsoft.AspNetCore.Identity.Specification.Tests","2.0.0","2000000000000000000000000",".NETStandard2.0","","true"
"Microsoft.AspNetCore.Identity.Specification.Tests","3.0.0","3000000000000000000000000",".NETCoreApp3.0",".NETStandard2.0","true"
"Microsoft.AspNetCore.Identity.Specification.Tests","3.1.2","3000000010000000200000000",".NETCoreApp3.1",".NETCoreApp3.0","true"
"Microsoft.AspNetCore.Identity.MongoDB","1.0.1","1000000000000000100000000",".NETFramework4.5.1","","true"
"Microsoft.AspNetCore.Identity.EntityFrameworkCore","1.0.0","1000000000000000000000000",".NETFramework4.5.1","","true"
"Microsoft.AspNetCore.Identity.EntityFrameworkCore","2.0.0","2000000000000000000000000",".NETStandard2.0",".NETFramework4.5.1","true"
"Microsoft.AspNetCore.Identity.EntityFrameworkCore","3.0.0","3000000000000000000000000",".NETCoreApp3.0",".NETStandard2.0","true"
"Microsoft.AspNetCore.Identity.EntityFrameworkCore","3.1.2","3000000010000000200000000",".NETCoreApp3.1",".NETCoreApp3.0","true"
"Microsoft.AspNetCore.Identity.EntityFrameworkCore","5.0.0","5000000000000000000000000","net5.0",".NETCoreApp3.1","true"
"Microsoft.AspNetCore.Identity","1.0.0","1000000000000000000000000",".NETFramework4.5.1","","true"
"Microsoft.AspNetCore.Identity","2.0.0","2000000000000000000000000",".NETStandard2.0",".NETFramework4.5.1","true"
"Microsoft.AspNetCore.HttpsPolicy","2.1.0","2000000010000000000000000",".NETStandard2.0","","true"
"Microsoft.AspNetCore.HttpOverrides","1.0.0","1000000000000000000000000",".NETFramework4.5.1","","true"
"Microsoft.AspNetCore.HttpOverrides","2.0.0","2000000000000000000000000",".NETStandard2.0",".NETFramework4.5.1","true"
"Microsoft.AspNetCore.Http.Features","1.0.0","1000000000000000000000000",".NETFramework4.5.1","","true"
"Microsoft.AspNetCore.Http.Features","2.0.0","2000000000000000000000000",".NETStandard2.0",".NETFramework4.5.1","true"
"Microsoft.AspNetCore.Http.Features","3.0.0","3000000000000000000000000",".NETCoreApp3.0",".NETStandard2.0","true"
"Microsoft.AspNetCore.Http.Features","3.1.2","3000000010000000200000000",".NETCoreApp3.1",".NETCoreApp3.0","true"
"Microsoft.AspNetCore.Http.Features","5.0.0","5000000000000000000000000",".NETFramework4.6.1",".NETCoreApp3.1","true"
"Microsoft.AspNetCore.Http.Extensions","1.0.0","1000000000000000000000000",".NETFramework4.5.1","","true"
"Microsoft.AspNetCore.Http.Extensions","2.0.0","2000000000000000000000000",".NETStandard2.0",".NETFramework4.5.1","true"
"Microsoft.AspNetCore.Http.Connections.Common","1.0.0","1000000000000000000000000",".NETStandard2.0","","true"
"Microsoft.AspNetCore.Http.Connections.Common","3.0.0","3000000000000000000000000",".NETCoreApp3.0",".NETStandard2.0","true"
"Microsoft.AspNetCore.Http.Connections.Common","3.1.2","3000000010000000200000000",".NETCoreApp3.1",".NETCoreApp3.0","true"
"Microsoft.AspNetCore.Http.Connections.Common","5.0.0","5000000000000000000000000",".NETFramework4.6.1",".NETCoreApp3.1","true"
"Microsoft.AspNetCore.Http.Connections.Client","1.0.0","1000000000000000000000000",".NETCoreApp2.1","","true"
"Microsoft.AspNetCore.Http.Connections.Client","1.1.0","1000000010000000000000000",".NETCoreApp2.2",".NETCoreApp2.1","true"
"Microsoft.AspNetCore.Http.Connections.Client","3.0.0","3000000000000000000000000",".NETStandard2.0",".NETCoreApp2.2","true"
"Microsoft.AspNetCore.Http.Connections.Client","5.0.0","5000000000000000000000000",".NETFramework4.6.1",".NETStandard2.0","true"
"Microsoft.AspNetCore.Http.Connections","1.0.0","1000000000000000000000000",".NETCoreApp2.1","","true"
"Microsoft.AspNetCore.Http.Connections","1.1.0","1000000010000000000000000",".NETCoreApp2.2",".NETCoreApp2.1","true"
"Microsoft.AspNetCore.Http.Abstractions","1.0.0","1000000000000000000000000",".NETFramework4.5.1","","true"
"Microsoft.AspNetCore.Http.Abstractions","2.0.0","2000000000000000000000000",".NETStandard2.0",".NETFramework4.5.1","true"
"Microsoft.AspNetCore.Http","1.0.0","1000000000000000000000000",".NETFramework4.5.1","","true"
"Microsoft.AspNetCore.Http","2.0.0","2000000000000000000000000",".NETStandard2.0",".NETFramework4.5.1","true"
"Microsoft.AspNetCore.Html.Abstractions","1.0.0","1000000000000000000000000",".NETStandard1.0","","true"
"Microsoft.AspNetCore.Html.Abstractions","2.0.0","2000000000000000000000000",".NETStandard2.0",".NETStandard1.0","true"
"Microsoft.AspNetCore.Hosting.WindowsServices","1.0.0","1000000000000000000000000",".NETFramework4.5.1","","true"
"Microsoft.AspNetCore.Hosting.WindowsServices","2.0.0","2000000000000000000000000",".NETFramework4.6.1",".NETFramework4.5.1","true"
"Microsoft.AspNetCore.Hosting.WindowsServices","3.0.0","3000000000000000000000000",".NETCoreApp3.0",".NETFramework4.6.1","true"
"Microsoft.AspNetCore.Hosting.WindowsServices","3.1.2","3000000010000000200000000",".NETCoreApp3.1",".NETCoreApp3.0","true"
"Microsoft.AspNetCore.Hosting.WindowsServices","5.0.0","5000000000000000000000000",".NETCoreApp5.0",".NETCoreApp3.1","true"
"Microsoft.AspNetCore.Hosting.Server.Abstractions","1.0.0","1000000000000000000000000",".NETFramework4.5.1","","true"
"Microsoft.AspNetCore.Hosting.Server.Abstractions","2.0.0","2000000000000000000000000",".NETStandard2.0",".NETFramework4.5.1","true"
"Microsoft.AspNetCore.Hosting.Abstractions","1.0.0","1000000000000000000000000",".NETFramework4.5.1","","true"
"Microsoft.AspNetCore.Hosting.Abstractions","2.0.0","2000000000000000000000000",".NETStandard2.0",".NETFramework4.5.1","true"
"Microsoft.AspNetCore.Hosting","1.0.0","1000000000000000000000000",".NETFramework4.5.1","","true"
"Microsoft.AspNetCore.Hosting","2.0.0","2000000000000000000000000",".NETStandard2.0",".NETFramework4.5.1","true"
"Microsoft.AspNetCore.HostFiltering","2.1.0","2000000010000000000000000",".NETStandard2.0","","true"
"Microsoft.AspNetCore.HealthChecks","1.0.0","1000000000000000000000000",".NETCoreApp1.0","","true"
"Microsoft.AspNetCore.HeaderPropagation","3.0.0","3000000000000000000000000",".NETCoreApp3.0","","true"
"Microsoft.AspNetCore.HeaderPropagation","3.1.2","3000000010000000200000000",".NETCoreApp3.1",".NETCoreApp3.0","true"
"Microsoft.AspNetCore.HeaderPropagation","5.0.0","5000000000000000000000000",".NETCoreApp5.0",".NETCoreApp3.1","true"
"Microsoft.AspNetCore.Diagnostics.HealthChecks","2.2.0","2000000020000000000000000",".NETStandard2.0","","true"
"Microsoft.AspNetCore.Diagnostics.EntityFrameworkCore","1.0.0","1000000000000000000000000",".NETFramework4.5.1","","true"
"Microsoft.AspNetCore.Diagnostics.EntityFrameworkCore","2.0.0","2000000000000000000000000",".NETStandard2.0",".NETFramework4.5.1","true"
"Microsoft.AspNetCore.Diagnostics.EntityFrameworkCore","3.0.0","3000000000000000000000000",".NETCoreApp3.0",".NETStandard2.0","true"
"Microsoft.AspNetCore.Diagnostics.EntityFrameworkCore","3.1.2","3000000010000000200000000",".NETCoreApp3.1",".NETCoreApp3.0","true"
"Microsoft.AspNetCore.Diagnostics.EntityFrameworkCore","5.0.0","5000000000000000000000000",".NETCoreApp5.0",".NETCoreApp3.1","true"
"Microsoft.AspNetCore.Diagnostics.Elm","0.1.0","10000000000000000",".NETFramework4.5.1","","true"
"Microsoft.AspNetCore.Diagnostics.Abstractions","1.0.0","1000000000000000000000000",".NETStandard1.0","","true"
"Microsoft.AspNetCore.Diagnostics.Abstractions","2.0.0","2000000000000000000000000",".NETStandard2.0",".NETStandard1.0","true"
"Microsoft.AspNetCore.Diagnostics","1.0.0","1000000000000000000000000",".NETFramework4.5.1","","true"
"Microsoft.AspNetCore.Diagnostics","2.0.0","2000000000000000000000000",".NETStandard2.0",".NETFramework4.5.1","true"
"Microsoft.AspNetCore.DataProtection.SystemWeb","1.0.0","1000000000000000000000000",".NETFramework4.5.1","","true"
"Microsoft.AspNetCore.DataProtection.SystemWeb","2.0.0","2000000000000000000000000",".NETFramework4.6.1",".NETFramework4.5.1","true"
"Microsoft.AspNetCore.DataProtection.StackExchangeRedis","2.2.0","2000000020000000000000000",".NETStandard2.0","","true"
"Microsoft.AspNetCore.DataProtection.StackExchangeRedis","5.0.0","5000000000000000000000000",".NETFramework4.6.1",".NETStandard2.0","true"
"Microsoft.AspNetCore.DataProtection.Redis","0.1.0","10000000000000000",".NETFramework4.5.1","","true"
"Microsoft.AspNetCore.DataProtection.Redis","0.3.0","30000000000000000",".NETStandard2.0",".NETFramework4.5.1","true"
"Microsoft.AspNetCore.DataProtection.Extensions","1.0.0","1000000000000000000000000",".NETFramework4.5.1","","true"
"Microsoft.AspNetCore.DataProtection.Extensions","2.0.0","2000000000000000000000000",".NETStandard2.0",".NETFramework4.5.1","true"
"Microsoft.AspNetCore.DataProtection.Extensions","3.0.0","3000000000000000000000000",".NETCoreApp3.0",".NETStandard2.0","true"
"Microsoft.AspNetCore.DataProtection.Extensions","3.1.2","3000000010000000200000000",".NETCoreApp3.1",".NETCoreApp3.0","true"
"Microsoft.AspNetCore.DataProtection.Extensions","5.0.0","5000000000000000000000000",".NETFramework4.6.1",".NETCoreApp3.1","true"
"Microsoft.AspNetCore.DataProtection.EntityFrameworkCore","2.2.0","2000000020000000000000000",".NETStandard2.0","","true"
"Microsoft.AspNetCore.DataProtection.EntityFrameworkCore","3.0.0","3000000000000000000000000",".NETStandard2.1",".NETStandard2.0","true"
"Microsoft.AspNetCore.DataProtection.AzureStorage","1.0.0","1000000000000000000000000",".NETFramework4.5.1","","true"
"Microsoft.AspNetCore.DataProtection.AzureStorage","2.0.0","2000000000000000000000000",".NETStandard2.0",".NETFramework4.5.1","true"
"Microsoft.AspNetCore.DataProtection.AzureKeyVault","2.1.0","2000000010000000000000000",".NETStandard2.0","","true"
"Microsoft.AspNetCore.DataProtection.Abstractions","1.0.0","1000000000000000000000000",".NETFramework4.5.1","","true"
"Microsoft.AspNetCore.DataProtection.Abstractions","2.0.0","2000000000000000000000000",".NETStandard2.0",".NETFramework4.5.1","true"
"Microsoft.AspNetCore.DataProtection.Abstractions","3.1.2","3000000010000000200000000",".NETCoreApp3.1",".NETStandard2.0","true"
"Microsoft.AspNetCore.DataProtection.Abstractions","5.0.0","5000000000000000000000000",".NETFramework4.6.1",".NETCoreApp3.1","true"
"Microsoft.AspNetCore.DataProtection","1.0.0","1000000000000000000000000",".NETFramework4.5.1","","true"
"Microsoft.AspNetCore.DataProtection","2.0.0","2000000000000000000000000",".NETStandard2.0",".NETFramework4.5.1","true"
"Microsoft.AspNetCore.DataProtection","3.0.0","3000000000000000000000000",".NETCoreApp3.0",".NETStandard2.0","true"
"Microsoft.AspNetCore.DataProtection","3.1.2","3000000010000000200000000",".NETCoreApp3.1",".NETCoreApp3.0","true"
"Microsoft.AspNetCore.DataProtection","5.0.0","5000000000000000000000000",".NETFramework4.6.1",".NETCoreApp3.1","true"
"Microsoft.AspNetCore.Cryptography.KeyDerivation","1.0.0","1000000000000000000000000",".NETFramework4.5.1","","true"
"Microsoft.AspNetCore.Cryptography.KeyDerivation","2.0.0","2000000000000000000000000",".NETStandard2.0",".NETFramework4.5.1","true"
"Microsoft.AspNetCore.Cryptography.KeyDerivation","2.1.0","2000000010000000000000000",".NETCoreApp2.0",".NETStandard2.0","true"
"Microsoft.AspNetCore.Cryptography.KeyDerivation","5.0.0","5000000000000000000000000",".NETFramework4.6.1",".NETCoreApp2.0","true"
"Microsoft.AspNetCore.Cryptography.Internal","1.0.0","1000000000000000000000000",".NETFramework4.5.1","","true"
"Microsoft.AspNetCore.Cryptography.Internal","2.0.0","2000000000000000000000000",".NETStandard2.0",".NETFramework4.5.1","true"
"Microsoft.AspNetCore.Cryptography.Internal","3.1.2","3000000010000000200000000",".NETCoreApp3.1",".NETStandard2.0","true"
"Microsoft.AspNetCore.Cryptography.Internal","5.0.0","5000000000000000000000000",".NETFramework4.6.1",".NETCoreApp3.1","true"
"Microsoft.AspNetCore.Cors","1.0.0","1000000000000000000000000",".NETFramework4.5.1","","true"
"Microsoft.AspNetCore.Cors","2.0.0","2000000000000000000000000",".NETStandard2.0",".NETFramework4.5.1","true"
"Microsoft.AspNetCore.CookiePolicy","1.0.0","1000000000000000000000000",".NETFramework4.5.1","","true"
"Microsoft.AspNetCore.CookiePolicy","2.0.0","2000000000000000000000000",".NETStandard2.0",".NETFramework4.5.1","true"
"Microsoft.AspNetCore.Connections.Abstractions","2.1.0","2000000010000000000000000",".NETStandard2.0","","true"
"Microsoft.AspNetCore.Connections.Abstractions","3.0.0","3000000000000000000000000",".NETCoreApp3.0",".NETStandard2.0","true"
"Microsoft.AspNetCore.Connections.Abstractions","3.1.2","3000000010000000200000000",".NETCoreApp3.1",".NETCoreApp3.0","true"
"Microsoft.AspNetCore.Connections.Abstractions","5.0.0","5000000000000000000000000",".NETFramework4.6.1",".NETCoreApp3.1","true"
"Microsoft.AspNetCore.ConcurrencyLimiter","3.0.0","3000000000000000000000000",".NETCoreApp3.0","","true"
"Microsoft.AspNetCore.ConcurrencyLimiter","3.1.2","3000000010000000200000000",".NETCoreApp3.1",".NETCoreApp3.0","true"
"Microsoft.AspNetCore.ConcurrencyLimiter","5.0.0","5000000000000000000000000",".NETCoreApp5.0",".NETCoreApp3.1","true"
"Microsoft.AspNetCore.Components.WebAssembly.Server","3.2.0","3000000020000000000000000",".NETCoreApp3.1","","true"
"Microsoft.AspNetCore.Components.WebAssembly.Server","5.0.0","5000000000000000000000000",".NETCoreApp5.0",".NETCoreApp3.1","true"
"Microsoft.AspNetCore.Components.WebAssembly.HttpHandler","3.2.0","3000000020000000000000000",".NETStandard2.1","","true"
"Microsoft.AspNetCore.Components.WebAssembly.DebugProxy","3.2.0","3000000020000000000000000",".NETCoreApp3.1","","true"
"Microsoft.AspNetCore.Components.WebAssembly.Authentication","3.2.0","3000000020000000000000000",".NETStandard2.1","","true"
"Microsoft.AspNetCore.Components.WebAssembly.Authentication","5.0.0","5000000000000000000000000","net5.0",".NETStandard2.1","true"
"Microsoft.AspNetCore.Components.WebAssembly","3.2.0","3000000020000000000000000",".NETStandard2.1","","true"
"Microsoft.AspNetCore.Components.WebAssembly","5.0.0","5000000000000000000000000","net5.0",".NETStandard2.1","true"
"Microsoft.AspNetCore.Components.Web","3.0.0","3000000000000000000000000",".NETCoreApp3.0","","true"
"Microsoft.AspNetCore.Components.Web","3.1.2","3000000010000000200000000",".NETCoreApp3.1",".NETCoreApp3.0","true"
"Microsoft.AspNetCore.Components.Web","5.0.0","5000000000000000000000000","net5.0",".NETCoreApp3.1","true"
"Microsoft.AspNetCore.Components.Forms","3.0.0","3000000000000000000000000",".NETCoreApp3.0","","true"
"Microsoft.AspNetCore.Components.Forms","3.1.2","3000000010000000200000000",".NETCoreApp3.1",".NETCoreApp3.0","true"
"Microsoft.AspNetCore.Components.Forms","5.0.0","5000000000000000000000000","net5.0",".NETCoreApp3.1","true"
"Microsoft.AspNetCore.Components.Authorization","3.0.0","3000000000000000000000000",".NETCoreApp3.0","","true"
"Microsoft.AspNetCore.Components.Authorization","3.1.2","3000000010000000200000000",".NETCoreApp3.1",".NETCoreApp3.0","true"
"Microsoft.AspNetCore.Components.Authorization","5.0.0","5000000000000000000000000","net5.0",".NETCoreApp3.1","true"
"Microsoft.AspNetCore.Components","3.0.0","3000000000000000000000000",".NETStandard2.0","","true"
"Microsoft.AspNetCore.Components","5.0.0","5000000000000000000000000","net5.0",".NETStandard2.0","true"
"Microsoft.AspNetCore.Buffering","0.1.0","10000000000000000",".NETFramework4.5.1","","true"
"Microsoft.AspNetCore.Blazor.Server","0.1.0","10000000000000000",".NETCoreApp2.0","","true"
"Microsoft.AspNetCore.Blazor.Server","0.5.0","50000000000000000",".NETStandard2.0",".NETCoreApp2.0","true"
"Microsoft.AspNetCore.Blazor.Razor.Extensions","0.1.0","10000000000000000",".NETFramework4.6.1","","true"
"Microsoft.AspNetCore.Blazor.Cli","0.1.0","10000000000000000",".NETCoreApp2.0","","true"
"Microsoft.AspNetCore.Blazor.Cli","0.5.0","50000000000000000",".NETCoreApp2.1",".NETCoreApp2.0","true"
"Microsoft.AspNetCore.Blazor.Browser.JS","0.2.0","20000000000000000",".NETCoreApp2.0","","true"
"Microsoft.AspNetCore.Blazor.Browser.JS","0.5.0","50000000000000000",".NETCoreApp2.1",".NETCoreApp2.0","true"
"Microsoft.AspNetCore.Blazor.Browser","0.1.0","10000000000000000",".NETStandard2.0","","true"
"Microsoft.AspNetCore.Blazor.Analyzers","0.3.0","30000000000000000",".NETStandard1.3","","true"
"Microsoft.AspNetCore.Blazor","0.1.0","10000000000000000",".NETStandard2.0","","true"
"Microsoft.AspNetCore.AzureKeyVault.HostingStartup","2.0.2","2000000000000000200000000",".NETStandard2.0","","true"
"Microsoft.AspNetCore.AzureAppServicesIntegration","1.0.0","1000000000000000000000000",".NETFramework4.5.1","","true"
"Microsoft.AspNetCore.AzureAppServicesIntegration","2.0.0","2000000000000000000000000",".NETStandard2.0",".NETFramework4.5.1","true"
"Microsoft.AspNetCore.AzureAppServicesIntegration","3.0.0","3000000000000000000000000",".NETCoreApp3.0",".NETStandard2.0","true"
"Microsoft.AspNetCore.AzureAppServicesIntegration","3.1.2","3000000010000000200000000",".NETCoreApp3.1",".NETCoreApp3.0","true"
"Microsoft.AspNetCore.AzureAppServicesIntegration","5.0.0","5000000000000000000000000",".NETCoreApp5.0",".NETCoreApp3.1","true"
"Microsoft.AspNetCore.AzureAppServices.SiteExtension","2.0.1","2000000000000000100000000",".NETFramework4.6.1","","true"
"Microsoft.AspNetCore.AzureAppServices.HostingStartup","2.0.0","2000000000000000000000000",".NETFramework4.6.1","","true"
"Microsoft.AspNetCore.AzureAppServices.HostingStartup","3.0.0","3000000000000000000000000",".NETCoreApp3.0",".NETFramework4.6.1","true"
"Microsoft.AspNetCore.AzureAppServices.HostingStartup","3.1.2","3000000010000000200000000",".NETCoreApp3.1",".NETCoreApp3.0","true"
"Microsoft.AspNetCore.AzureAppServices.HostingStartup","5.0.0","5000000000000000000000000","net5.0",".NETCoreApp3.1","true"
"Microsoft.AspNetCore.Authorization.Policy","2.0.0","2000000000000000000000000",".NETStandard2.0","","true"
"Microsoft.AspNetCore.Authorization","1.0.0","1000000000000000000000000",".NETFramework4.5.1","","true"
"Microsoft.AspNetCore.Authorization","2.0.0","2000000000000000000000000",".NETStandard2.0",".NETFramework4.5.1","true"
"Microsoft.AspNetCore.Authorization","3.0.0","3000000000000000000000000",".NETCoreApp3.0",".NETStandard2.0","true"
"Microsoft.AspNetCore.Authorization","3.1.2","3000000010000000200000000",".NETCoreApp3.1",".NETCoreApp3.0","true"
"Microsoft.AspNetCore.Authorization","5.0.0","5000000000000000000000000",".NETFramework4.6.1",".NETCoreApp3.1","true"
"Microsoft.AspNetCore.Authentication.WsFederation","2.0.0","2000000000000000000000000",".NETStandard2.0","","true"
"Microsoft.AspNetCore.Authentication.WsFederation","3.0.0","3000000000000000000000000",".NETCoreApp3.0",".NETStandard2.0","true"
"Microsoft.AspNetCore.Authentication.WsFederation","3.1.2","3000000010000000200000000",".NETCoreApp3.1",".NETCoreApp3.0","true"
"Microsoft.AspNetCore.Authentication.WsFederation","5.0.0","5000000000000000000000000",".NETCoreApp5.0",".NETCoreApp3.1","true"
"Microsoft.AspNetCore.Authentication.Twitter","1.0.0","1000000000000000000000000",".NETFramework4.5.1","","true"
"Microsoft.AspNetCore.Authentication.Twitter","2.0.0","2000000000000000000000000",".NETStandard2.0",".NETFramework4.5.1","true"
"Microsoft.AspNetCore.Authentication.Twitter","3.0.0","3000000000000000000000000",".NETCoreApp3.0",".NETStandard2.0","true"
"Microsoft.AspNetCore.Authentication.Twitter","3.1.2","3000000010000000200000000",".NETCoreApp3.1",".NETCoreApp3.0","true"
"Microsoft.AspNetCore.Authentication.Twitter","5.0.0","5000000000000000000000000",".NETCoreApp5.0",".NETCoreApp3.1","true"
"Microsoft.AspNetCore.Authentication.QQConnect","1.0.0","1000000000000000000000000",".NETFramework4.6.1","","true"
"Microsoft.AspNetCore.Authentication.QQ","1.0.0","1000000000000000000000000",".NETStandard2.0","","true"
"Microsoft.AspNetCore.Authentication.OpenIdConnect","1.0.0","1000000000000000000000000",".NETFramework4.5.1","","true"
"Microsoft.AspNetCore.Authentication.OpenIdConnect","2.0.0","2000000000000000000000000",".NETStandard2.0",".NETFramework4.5.1","true"
"Microsoft.AspNetCore.Authentication.OpenIdConnect","3.0.0","3000000000000000000000000",".NETCoreApp3.0",".NETStandard2.0","true"
"Microsoft.AspNetCore.Authentication.OpenIdConnect","3.1.2","3000000010000000200000000",".NETCoreApp3.1",".NETCoreApp3.0","true"
"Microsoft.AspNetCore.Authentication.OpenIdConnect","5.0.0","5000000000000000000000000",".NETCoreApp5.0",".NETCoreApp3.1","true"
"Microsoft.AspNetCore.Authentication.OAuth","1.0.0","1000000000000000000000000",".NETFramework4.5.1","","true"
"Microsoft.AspNetCore.Authentication.OAuth","2.0.0","2000000000000000000000000",".NETStandard2.0",".NETFramework4.5.1","true"
"Microsoft.AspNetCore.Authentication.Negotiate","3.0.0","3000000000000000000000000",".NETCoreApp3.0","","true"
"Microsoft.AspNetCore.Authentication.Negotiate","3.1.2","3000000010000000200000000",".NETCoreApp3.1",".NETCoreApp3.0","true"
"Microsoft.AspNetCore.Authentication.Negotiate","5.0.0","5000000000000000000000000",".NETCoreApp5.0",".NETCoreApp3.1","true"
"Microsoft.AspNetCore.Authentication.MicrosoftAccount","1.0.0","1000000000000000000000000",".NETFramework4.5.1","","true"
"Microsoft.AspNetCore.Authentication.MicrosoftAccount","2.0.0","2000000000000000000000000",".NETStandard2.0",".NETFramework4.5.1","true"
"Microsoft.AspNetCore.Authentication.MicrosoftAccount","3.0.0","3000000000000000000000000",".NETCoreApp3.0",".NETStandard2.0","true"
"Microsoft.AspNetCore.Authentication.MicrosoftAccount","3.1.2","3000000010000000200000000",".NETCoreApp3.1",".NETCoreApp3.0","true"
"Microsoft.AspNetCore.Authentication.MicrosoftAccount","5.0.0","5000000000000000000000000",".NETCoreApp5.0",".NETCoreApp3.1","true"
"Microsoft.AspNetCore.Authentication.LinkedIn","1.0.1","1000000000000000100000000",".NETStandard1.6","","true"
"Microsoft.AspNetCore.Authentication.JwtBearer","1.0.0","1000000000000000000000000",".NETFramework4.5.1","","true"
"Microsoft.AspNetCore.Authentication.JwtBearer","2.0.0","2000000000000000000000000",".NETStandard2.0",".NETFramework4.5.1","true"
"Microsoft.AspNetCore.Authentication.JwtBearer","3.0.0","3000000000000000000000000",".NETCoreApp3.0",".NETStandard2.0","true"
"Microsoft.AspNetCore.Authentication.JwtBearer","3.1.2","3000000010000000200000000",".NETCoreApp3.1",".NETCoreApp3.0","true"
"Microsoft.AspNetCore.Authentication.JwtBearer","5.0.0","5000000000000000000000000",".NETCoreApp5.0",".NETCoreApp3.1","true"
"Microsoft.AspNetCore.Authentication.Google","1.0.0","1000000000000000000000000",".NETFramework4.5.1","","true"
"Microsoft.AspNetCore.Authentication.Google","2.0.0","2000000000000000000000000",".NETStandard2.0",".NETFramework4.5.1","true"
"Microsoft.AspNetCore.Authentication.Google","3.0.0","3000000000000000000000000",".NETCoreApp3.0",".NETStandard2.0","true"
"Microsoft.AspNetCore.Authentication.Google","3.1.2","3000000010000000200000000",".NETCoreApp3.1",".NETCoreApp3.0","true"
"Microsoft.AspNetCore.Authentication.Google","5.0.0","5000000000000000000000000",".NETCoreApp5.0",".NETCoreApp3.1","true"
"Microsoft.AspNetCore.Authentication.Facebook","1.0.0","1000000000000000000000000",".NETFramework4.5.1","","true"
"Microsoft.AspNetCore.Authentication.Facebook","2.0.0","2000000000000000000000000",".NETStandard2.0",".NETFramework4.5.1","true"
"Microsoft.AspNetCore.Authentication.Facebook","3.0.0","3000000000000000000000000",".NETCoreApp3.0",".NETStandard2.0","true"
"Microsoft.AspNetCore.Authentication.Facebook","3.1.2","3000000010000000200000000",".NETCoreApp3.1",".NETCoreApp3.0","true"
"Microsoft.AspNetCore.Authentication.Facebook","5.0.0","5000000000000000000000000",".NETCoreApp5.0",".NETCoreApp3.1","true"
"Microsoft.AspNetCore.Authentication.Core","2.0.0","2000000000000000000000000",".NETStandard2.0","","true"
"Microsoft.AspNetCore.Authentication.Cookies","1.0.0","1000000000000000000000000",".NETFramework4.5.1","","true"
"Microsoft.AspNetCore.Authentication.Cookies","2.0.0","2000000000000000000000000",".NETStandard2.0",".NETFramework4.5.1","true"
"Microsoft.AspNetCore.Authentication.Certificate","3.0.0","3000000000000000000000000",".NETCoreApp3.0","","true"
"Microsoft.AspNetCore.Authentication.Certificate","3.1.2","3000000010000000200000000",".NETCoreApp3.1",".NETCoreApp3.0","true"
"Microsoft.AspNetCore.Authentication.Certificate","5.0.0","5000000000000000000000000",".NETCoreApp5.0",".NETCoreApp3.1","true"
"Microsoft.AspNetCore.Authentication.AzureADB2C.UI","2.1.0","2000000010000000000000000",".NETStandard2.0","","true"
"Microsoft.AspNetCore.Authentication.AzureADB2C.UI","3.0.0","3000000000000000000000000",".NETCoreApp3.0",".NETStandard2.0","true"
"Microsoft.AspNetCore.Authentication.AzureADB2C.UI","3.1.2","3000000010000000200000000",".NETCoreApp3.1",".NETCoreApp3.0","true"
"Microsoft.AspNetCore.Authentication.AzureADB2C.UI","5.0.0","5000000000000000000000000",".NETCoreApp5.0",".NETCoreApp3.1","true"
"Microsoft.AspNetCore.Authentication.AzureAD.UI","2.1.0","2000000010000000000000000",".NETStandard2.0","","true"
"Microsoft.AspNetCore.Authentication.AzureAD.UI","3.0.0","3000000000000000000000000",".NETCoreApp3.0",".NETStandard2.0","true"
"Microsoft.AspNetCore.Authentication.AzureAD.UI","3.1.2","3000000010000000200000000",".NETCoreApp3.1",".NETCoreApp3.0","true"
"Microsoft.AspNetCore.Authentication.AzureAD.UI","5.0.0","5000000000000000000000000",".NETCoreApp5.0",".NETCoreApp3.1","true"
"Microsoft.AspNetCore.Authentication.ActiveDirectory","1.0.1","1000000000000000100000000",".NETFramework4.5.1","","true"
"Microsoft.AspNetCore.Authentication.ActiveDirectory","1.1.0","1000000010000000000000000",".NETCoreApp1.0",".NETFramework4.5.1","true"
"Microsoft.AspNetCore.Authentication.Abstractions","2.0.0","2000000000000000000000000",".NETStandard2.0","","true"
"Microsoft.AspNetCore.Authentication","1.0.0","1000000000000000000000000",".NETFramework4.5.1","","true"
"Microsoft.AspNetCore.Authentication","2.0.0","2000000000000000000000000",".NETStandard2.0",".NETFramework4.5.1","true"
"Microsoft.AspNetCore.ApplicationInsights.HostingStartup","2.0.0","2000000000000000000000000",".NETFramework4.6.1","","true"
"Microsoft.AspNetCore.App","2.1.0","2000000010000000000000000",".NETCoreApp2.1","","true"
"Microsoft.AspNetCore.App","2.2.0","2000000020000000000000000",".NETCoreApp2.2",".NETCoreApp2.1","true"
"Microsoft.AspNetCore.ApiWidgets","1.0.0","1000000000000000000000000",".NETFramework4.6","","true"
"Microsoft.AspNetCore.ApiWidgets","1.1.1","1000000010000000100000000",".NETStandard1.6",".NETFramework4.6","true"
"Microsoft.AspNetCore.ApiHelp.Core","1.0.0","1000000000000000000000000",".NETFramework4.6","","true"
"Microsoft.AspNetCore.ApiHelp","1.0.0","1000000000000000000000000",".NETFramework4.6","","true"
"Microsoft.AspNetCore.ApiAuthorization.IdentityServer","3.0.0","3000000000000000000000000",".NETCoreApp3.0","","true"
"Microsoft.AspNetCore.ApiAuthorization.IdentityServer","3.1.2","3000000010000000200000000",".NETCoreApp3.1",".NETCoreApp3.0","true"
"Microsoft.AspNetCore.ApiAuthorization.IdentityServer","5.0.0","5000000000000000000000000",".NETCoreApp5.0",".NETCoreApp3.1","true"
"Microsoft.AspNetCore.Antiforgery","1.0.0","1000000000000000000000000",".NETFramework4.5.1","","true"
"Microsoft.AspNetCore.Antiforgery","2.0.0","2000000000000000000000000",".NETStandard2.0",".NETFramework4.5.1","true"
"Microsoft.AspNetCore.All","2.0.0","2000000000000000000000000",".NETCoreApp2.0","","true"
"Microsoft.AspNetCore.All","2.1.0","2000000010000000000000000",".NETCoreApp2.1",".NETCoreApp2.0","true"
"Microsoft.AspNetCore.All","2.2.0","2000000020000000000000000",".NETCoreApp2.2",".NETCoreApp2.1","true"
"Microsoft.AspNetCore.Aliyun.OSS","1.1.0","1000000010000000000000000",".NETStandard1.6.1","","true"
"Microsoft.AspNetCore.Aliyun.OSS","2.0.1.2","2000000000000000100000002",".NETStandard2.0",".NETStandard1.6.1","true"
"Microsoft.AspNetCore","1.0.3","1000000000000000300000000",".NETFramework4.5.1","","true"
"Microsoft.AspNetCore","2.0.0","2000000000000000000000000",".NETStandard2.0",".NETFramework4.5.1","true"